{
    "rmse": 0.7693140933641787,
    "mae": 0.5918441742487481,
    "r2": 0.17117675639737218
}