{
    "rmse": 0.7492491630702305,
    "mae": 0.5613743083614408,
    "r2": 0.24793446884743253
}